player,EScore,EType,PlayStyle,SessionVariance,RecentActivityRatio,Loyalty,UserValue,EScoreRank
1002129,74.50,Hardcore,Balance,35.92,0.41,22.38,Low,1
1002274,74.03,Hardcore,Balance,33.27,0.50,18.34,Low,2
1002393,71.53,Hardcore,Balance,23.65,0.44,22.26,Low,3
1002652,71.04,Hardcore,Balance,22.26,0.42,20.33,Low,4
1002353,70.76,Hardcore,Balance,29.65,0.47,19.95,Low,5
1002095,68.75,Hardcore,Balance,27.52,0.47,19.77,Low,6
1002593,68.21,Hardcore,Balance,34.09,0.44,20.17,Low,7
1002207,67.99,Hardcore,Balance,31,0.44,24.42,Low,8
1002132,67.90,Hardcore,Balance,31.23,0.48,18.99,Low,9
1002206,66.80,Hardcore,Burst,18.84,0.45,17.33,Low,10
1002337,66.73,Hardcore,Balance,34.63,0.42,19.78,Low,11
1002352,66.46,Hardcore,Balance,27.1,0.49,22.57,Low,12
1002658,66.15,Hardcore,Balance,27.65,0.46,21.25,Low,13
1002407,66.02,Hardcore,Balance,40.42,0.46,23.32,Low,14
1002105,66.01,Hardcore,Balance,39.57,0.42,20.01,Low,15
1002615,65.90,Hardcore,Balance,33.62,0.49,20.57,Low,16
1002564,65.80,Hardcore,Balance,39.07,0.45,23.11,Low,17
1002005,65.79,Hardcore,Balance,33.55,0.40,25.74,Low,18
1002348,65.72,Hardcore,Balance,33.62,0.49,22.59,Low,19
1002705,65.36,Hardcore,Balance,26.68,0.39,21.64,Low,20
1002302,65.25,Hardcore,Balance,47.13,0.50,30.85,Medium,21
1002441,65.16,Hardcore,Burst,23,0.50,18.38,Low,22
1002121,64.80,Hardcore,Balance,35.37,0.47,23.93,Low,23
1002497,64.72,Hardcore,Balance,38.05,0.47,20.25,Low,24
1002445,64.34,Hardcore,Burst,28,0.45,17.83,Low,25
1002359,64.09,Hardcore,Balance,29.19,0.46,21.18,Low,26
1002691,63.91,Hardcore,Balance,28.35,0.52,23.85,Low,27
1002492,63.66,Hardcore,Balance,29.26,0.35,21.79,Low,28
1002258,63.63,Hardcore,Burst,16.29,0.39,17.97,Low,29
1002450,63.50,Hardcore,Balance,16.85,0.48,19.32,Low,30
1002017,63.42,Hardcore,Burst,28.75,0.41,18.38,Low,31
1002798,63.31,Hardcore,Balance,33.64,0.45,22.40,Low,32
1002223,63.23,Hardcore,Balance,49.83,0.47,20.54,Low,33
1002097,63.17,Hardcore,Burst,25.15,0.52,17.67,Low,34
1002057,62.96,Hardcore,Balance,28.83,0.42,20.78,Low,35
1002847,62.95,Hardcore,Balance,29.41,0.53,19.06,Low,36
1002060,62.86,Hardcore,Balance,26.08,0.38,20.54,Low,37
1002350,62.82,Hardcore,Balance,22.92,0.36,21.06,Low,38
1002099,62.82,Hardcore,Balance,36.21,0.48,26.06,Low,39
1002101,62.79,Hardcore,Balance,33.69,0.44,21.14,Low,40
1002871,62.77,Hardcore,Burst,23.75,0.50,17.51,Low,41
1002360,62.67,Hardcore,Balance,32.47,0.42,24.37,Low,42
1002517,62.65,Hardcore,Balance,51.34,0.48,52.72,High,43
1002624,62.46,Hardcore,Balance,30.43,0.50,24.86,Low,44
1002882,62.45,Hardcore,Balance,25.05,0.43,23.50,Low,45
1002577,62.44,Hardcore,Balance,31.74,0.53,20.95,Low,46
1002214,62.34,Hardcore,Balance,36.02,0.39,18.31,Low,47
1002394,61.95,Hardcore,Balance,30.52,0.35,19.43,Low,48
1002048,61.87,Hardcore,Balance,36.96,0.36,23.41,Low,49
1002559,61.82,Hardcore,Balance,47.12,0.47,29.56,Medium,50
1002377,61.80,Hardcore,Balance,41.63,0.43,30.40,Medium,51
1002382,61.77,Hardcore,Balance,51.15,0.50,56.15,High,52
1002447,61.74,Hardcore,Balance,29.56,0.47,20.19,Low,53
1002635,61.35,Hardcore,Burst,20.8,0.45,18.55,Low,54
1002380,61.35,Hardcore,Balance,37.27,0.42,28.02,Low,55
1002187,61.30,Hardcore,Burst,26.85,0.45,17.69,Low,56
1002195,61.29,Hardcore,Burst,25.13,0.55,18.64,Low,57
1002226,61.22,Hardcore,Balance,14.8,0.48,19.19,Low,58
1002553,61.16,Hardcore,Balance,41.4,0.42,24.55,Low,59
1002504,60.99,Hardcore,Balance,44.4,0.50,29.83,Medium,60
1002312,60.92,Hardcore,Balance,39.99,0.54,42.24,Medium,61
1002594,60.91,Hardcore,Burst,23.08,0.48,16.85,Low,62
1002370,60.91,Hardcore,Balance,47.08,0.47,45.41,High,63
1002244,60.90,Hardcore,Balance,34.4,0.50,22.47,Low,64
1002573,60.86,Hardcore,Balance,42.76,0.47,48.53,High,65
1002640,60.71,Hardcore,Balance,37.33,0.56,18.46,Low,66
1002463,60.71,Hardcore,Balance,49.03,0.50,44.27,Medium,67
1002804,60.67,Hardcore,Burst,26.35,0.48,16.57,Low,68
1002215,60.64,Hardcore,Balance,27.41,0.49,20.09,Low,69
1002218,60.61,Hardcore,Balance,28.09,0.48,22.69,Low,70
1002114,60.61,Hardcore,Burst,22.35,0.54,17.52,Low,71
1002597,60.60,Hardcore,Balance,34.55,0.43,22.58,Low,72
1002197,60.54,Hardcore,Balance,40.8,0.47,24.04,Low,73
1002845,60.53,Hardcore,Balance,29.6,0.46,22.99,Low,74
1002210,60.52,Hardcore,Burst,28.13,0.50,16.60,Low,75
1002225,60.45,Hardcore,Balance,29.45,0.43,25.15,Low,76
1002260,60.34,Hardcore,Balance,18.43,0.50,19.65,Low,77
1002125,60.26,Hardcore,Balance,37.2,0.37,32.86,Medium,78
1002419,60.20,Hardcore,Balance,31.01,0.46,21.94,Low,79
1002613,60.16,Hardcore,Balance,40.11,0.42,24.33,Low,80
1002432,60.14,Hardcore,Balance,38.07,0.44,18.57,Low,81
1002627,60.02,Hardcore,Burst,23.86,0.46,17.82,Low,82
1002110,59.94,Hardcore,Balance,41.23,0.50,33.15,Medium,83
1002119,59.93,Hardcore,Balance,31.64,0.54,22.52,Low,84
1002740,59.92,Hardcore,Balance,20.53,0.48,20.74,Low,85
1002259,59.89,Hardcore,Balance,30.07,0.41,22.34,Low,86
1002330,59.86,Hardcore,Balance,35.78,0.46,21.63,Low,87
1002466,59.71,Hardcore,Balance,31.94,0.52,19.51,Low,88
1002457,59.68,Hardcore,Balance,33.99,0.50,30.73,Medium,89
1002459,59.42,Hardcore,Balance,19.78,0.50,21.81,Low,90
1002812,59.20,Hardcore,Balance,35.71,0.52,23.78,Low,91
1002709,59.15,Hardcore,Balance,33.41,0.50,34.41,Medium,92
1002019,59.09,Hardcore,Balance,23.59,0.37,23.45,Low,93
1002477,59.09,Hardcore,Balance,31.59,0.40,23.02,Low,93
1002803,58.89,Hardcore,Balance,25.11,0.47,19.97,Low,95
1002305,58.87,Hardcore,Balance,30.63,0.50,30.14,Medium,96
1002066,58.81,Hardcore,Balance,47.09,0.50,25.49,Low,97
1002480,58.81,Hardcore,Balance,33.9,0.44,30.08,Medium,98
1002149,58.70,Hardcore,Balance,18.21,0.48,19.70,Low,99
1002115,58.65,Hardcore,Balance,37.05,0.54,24.61,Low,100
1002091,58.51,Hardcore,Balance,27.47,0.35,22.07,Low,101
1002150,58.50,Hardcore,Balance,39.36,0.50,22.82,Low,102
1002604,58.43,Hardcore,Balance,36.47,0.42,19.72,Low,103
1002392,58.43,Hardcore,Balance,27.32,0.50,22.01,Low,104
1002246,58.39,Hardcore,Balance,35.39,0.50,17.82,Low,105
1002673,58.34,Hardcore,Balance,24.48,0.46,22.87,Low,106
1002230,58.34,Hardcore,Burst,22.24,0.50,18.76,Low,107
1002743,58.28,Hardcore,Burst,20.23,0.41,15.68,Low,108
1002031,58.28,Hardcore,Balance,45.94,0.48,26.41,Low,109
1002376,58.18,Hardcore,Balance,20.84,0.50,23.54,Low,110
1002328,58.15,Hardcore,Balance,31.76,0.40,20.77,Low,111
1002420,58.12,Hardcore,Balance,26.44,0.43,23.78,Low,112
1002081,58.11,Hardcore,Balance,41.07,0.50,28.24,Low,113
1002147,58.10,Hardcore,Balance,35.88,0.40,28.53,Low,114
1002498,58.06,Hardcore,Balance,28.64,0.44,28.34,Low,115
1002374,57.97,Hardcore,Burst,19.83,0.35,18.32,Low,116
1002401,57.97,Hardcore,Balance,26.97,0.50,25.98,Low,117
1002415,57.71,Hardcore,Balance,48.15,0.50,42.45,Medium,118
1002216,57.69,Hardcore,Burst,23.16,0.50,15.46,Low,119
1002326,57.61,Hardcore,Balance,39.78,0.43,53.42,High,120
1002402,57.43,Hardcore,Balance,41.2,0.40,47.89,High,121
1002106,57.42,Hardcore,Balance,40.79,0.41,28.66,Low,122
1002178,57.28,Hardcore,Balance,36.63,0.48,26.03,Low,123
1002861,57.28,Hardcore,Balance,23.02,0.48,25.23,Low,124
1002011,57.27,Hardcore,Balance,28.5,0.52,27.91,Low,125
1002606,57.26,Hardcore,Balance,35.8,0.48,23.86,Low,126
1002193,57.22,Hardcore,Balance,27.33,0.58,25.22,Low,127
1002666,57.21,Hardcore,Balance,44.22,0.38,52.48,High,128
1002383,57.18,Hardcore,Balance,43.63,0.53,28.36,Low,129
1002211,57.07,Hardcore,Balance,34.35,0.46,18.69,Low,130
1002295,56.95,Core,Balance,40.94,0.54,21.05,Low,131
1002042,56.90,Core,Balance,22.67,0.52,23.09,Low,132
1002232,56.87,Core,Balance,38.55,0.40,26.56,Low,133
1002323,56.83,Core,Balance,34.8,0.53,31.42,Medium,134
1002291,56.78,Core,Burst,27.48,0.38,18.16,Low,135
1002396,56.77,Core,Balance,31.13,0.43,25.06,Low,136
1002072,56.76,Core,Balance,36.41,0.50,24.35,Low,137
1002130,56.67,Core,Burst,21,0.52,19.61,Low,138
1002389,56.62,Core,Balance,32.23,0.45,24.60,Low,139
1002335,56.60,Core,Balance,27.79,0.60,18.57,Low,140
1002378,56.53,Core,Balance,43.82,0.50,27.48,Low,141
1002947,56.47,Core,Balance,25.41,0.48,24.40,Low,142
1002702,56.46,Core,Burst,26.19,0.40,16.94,Low,143
1002027,56.43,Core,Balance,26.46,0.52,20.75,Low,144
1002155,56.41,Core,Balance,23.01,0.53,23.26,Low,145
1002470,56.37,Core,Balance,26.76,0.44,29.39,Medium,146
1002753,56.34,Core,Balance,41.73,0.47,27.16,Low,147
1002293,56.27,Core,Burst,16.17,0.41,18.51,Low,148
1002284,56.20,Core,Balance,33.71,0.41,22.59,Low,149
1002013,56.07,Core,Balance,27.52,0.56,23.89,Low,150
1002322,56.06,Core,Balance,65.08,0.44,35.91,Medium,151
1002038,56.04,Core,Balance,46.29,0.58,49.45,High,152
1002547,56.01,Core,Balance,20.21,0.53,20.18,Low,153
1002217,56.00,Core,Balance,21.87,0.50,19.37,Low,154
1002543,55.95,Core,Balance,38.99,0.57,25.59,Low,155
1002910,55.92,Core,Balance,56.06,0.57,49.58,High,156
1002135,55.83,Core,Burst,25.75,0.48,17.75,Low,157
1002059,55.83,Core,Burst,22.53,0.43,17.86,Low,157
1002285,55.83,Core,Balance,51.67,0.50,34.59,Medium,159
1002509,55.80,Core,Balance,23.96,0.50,19.51,Low,160
1002237,55.79,Core,Balance,49.94,0.44,46.70,High,161
1002554,55.74,Core,Burst,21.75,0.44,16.69,Low,162
1002084,55.73,Core,Balance,21.95,0.44,19.30,Low,163
1002096,55.69,Core,Balance,28.75,0.50,28.16,Low,164
1002036,55.68,Core,Burst,27.05,0.55,17.67,Low,165
1002558,55.60,Core,Balance,40.43,0.50,23.88,Low,166
1002520,55.56,Core,Balance,25.27,0.48,24.74,Low,167
1002180,55.53,Core,Balance,34.76,0.43,26.51,Low,168
1002117,55.46,Core,Balance,16.96,0.56,19.49,Low,169
1002054,55.46,Core,Balance,24.79,0.45,22.19,Low,170
1002669,55.45,Core,Balance,43.55,0.47,27.56,Low,171
1002781,55.44,Core,Balance,32.41,0.43,28.52,Low,172
1002010,55.44,Core,Balance,52.79,0.59,24.49,Low,173
1002007,55.43,Core,Balance,35.94,0.47,50.66,High,174
1002663,55.35,Core,Burst,16.59,0.53,18.36,Low,175
1002451,55.30,Core,Balance,27.46,0.56,24.91,Low,176
1002279,55.29,Core,Balance,33.16,0.42,23.43,Low,177
1002913,55.22,Core,Balance,28.24,0.48,21.94,Low,178
1002831,55.19,Core,Balance,33.25,0.47,29.98,Medium,179
1002003,55.18,Core,Balance,16.66,0.45,20.70,Low,180
1002505,55.17,Core,Balance,20.79,0.46,51.32,High,181
1002404,55.10,Core,Balance,29.61,0.41,26.02,Low,182
1002355,55.03,Core,Balance,34.46,0.47,28.64,Low,183
1002325,54.98,Core,Balance,26.72,0.46,20.10,Low,184
1002332,54.94,Core,Balance,29.41,0.37,21.26,Low,185
1002472,54.92,Core,Burst,17.29,0.60,16.74,Low,186
1002016,54.88,Core,Balance,32.89,0.43,32.58,Medium,187
1002719,54.87,Core,Balance,43.75,0.54,23.38,Low,188
1002089,54.85,Core,Balance,27.01,0.40,29.21,Medium,189
1002329,54.82,Core,Balance,65.8,0.45,38.86,Medium,190
1002220,54.81,Core,Balance,50.59,0.45,45.39,High,191
1002052,54.74,Core,Balance,46.89,0.44,48.86,High,192
1002190,54.73,Core,Balance,23.24,0.48,21.83,Low,193
1002229,54.72,Core,Burst,19.79,0.50,18.11,Low,194
1002687,54.71,Core,Balance,33.89,0.48,26.84,Low,195
1002163,54.67,Core,Burst,25.17,0.47,18.28,Low,196
1002194,54.64,Core,Balance,21.74,0.50,19.46,Low,197
1002009,54.62,Core,Balance,41.44,0.47,31.31,Medium,198
1002915,54.59,Core,Balance,31.66,0.50,20.38,Low,199
1002901,54.58,Core,Balance,67,0.54,41.67,Medium,200
1002201,54.57,Core,Balance,33.5,0.41,22.88,Low,201
1002972,54.51,Core,Burst,26.56,0.45,16.98,Low,202
1002317,54.40,Core,Balance,26.56,0.44,22.26,Low,203
1002307,54.38,Core,Balance,22.55,0.44,21.90,Low,204
1002849,54.34,Core,Balance,44.49,0.50,21.72,Low,205
1002793,54.34,Core,Burst,21.69,0.41,18.82,Low,206
1002238,54.33,Core,Burst,25.76,0.57,16.37,Low,207
1002757,54.29,Core,Balance,35.67,0.45,24.44,Low,208
1002061,54.29,Core,Balance,34.8,0.50,29.72,Medium,209
1002699,54.24,Core,Balance,56.97,0.55,41.41,Medium,210
1002029,54.17,Core,Balance,31.23,0.41,19.77,Low,211
1002632,54.11,Core,Balance,20.54,0.33,20.78,Low,212
1002967,54.07,Core,Burst,26.34,0.53,17.47,Low,213
1002422,53.99,Core,Burst,26.66,0.45,16.53,Low,214
1002410,53.97,Core,Balance,39.7,0.45,25.10,Low,215
1002761,53.96,Core,Burst,18.81,0.45,18.85,Low,216
1002747,53.88,Core,Balance,29.58,0.50,30.52,Medium,217
1002416,53.88,Core,Burst,20.24,0.45,15.83,Low,218
1002390,53.86,Core,Balance,29.7,0.41,19.94,Low,219
1002145,53.78,Core,Balance,56.33,0.54,46.15,High,220
1002682,53.78,Core,Burst,23.77,0.47,17.00,Low,221
1002907,53.77,Core,Balance,17.94,0.43,19.49,Low,222
1002962,53.66,Core,Burst,21.02,0.48,19.65,Low,223
1002763,53.61,Core,Burst,21.86,0.57,17.20,Low,224
1002672,53.60,Core,Balance,29.68,0.36,20.08,Low,225
1002586,53.59,Core,Burst,21.63,0.53,16.78,Low,226
1002358,53.59,Core,Balance,44.38,0.44,33.78,Medium,227
1002458,53.56,Core,Balance,49.7,0.46,53.99,High,228
1002807,53.47,Core,Burst,17.85,0.45,18.67,Low,229
1002002,53.45,Core,Balance,38.72,0.48,25.83,Low,230
1002697,53.43,Core,Balance,37.4,0.48,21.41,Low,231
1002137,53.34,Core,Balance,29.12,0.43,29.25,Medium,232
1002309,53.32,Core,Burst,25.19,0.43,18.66,Low,233
1002044,53.30,Core,Balance,31.16,0.38,24.06,Low,234
1002431,53.16,Core,Balance,51.87,0.46,46.52,High,235
1002760,53.16,Core,Balance,24.15,0.52,20.88,Low,236
1002186,53.13,Core,Balance,31.96,0.44,28.69,Low,237
1002074,53.10,Core,Balance,20.42,0.37,19.60,Low,238
1002538,53.06,Core,Balance,22.63,0.42,20.13,Low,239
1002035,53.06,Core,Balance,51.51,0.50,40.95,Medium,240
1002436,53.02,Core,Burst,28.2,0.47,14.77,Low,241
1002452,53.01,Core,Balance,24.02,0.46,21.38,Low,242
1002068,53.01,Core,Burst,15.52,0.42,16.20,Low,243
1002116,52.99,Core,Balance,49.22,0.43,55.50,High,244
1002315,52.98,Core,Balance,67.59,0.50,44.20,Medium,245
1002762,52.96,Core,Balance,20.06,0.50,18.56,Low,246
1002209,52.95,Core,Balance,44.42,0.47,30.19,Medium,247
1002264,52.93,Core,Balance,39.26,0.43,20.53,Low,248
1002944,52.93,Core,Balance,31.25,0.53,27.70,Low,249
1002188,52.92,Core,Balance,40.74,0.47,52.17,High,250
1002167,52.89,Core,Balance,46.92,0.47,53.67,High,251
1002512,52.86,Core,Burst,24.29,0.47,17.35,Low,252
1002629,52.83,Core,Balance,50.28,0.47,49.92,High,253
1002654,52.83,Core,Balance,43.38,0.50,27.44,Low,254
1002552,52.81,Core,Balance,55.77,0.50,46.14,High,255
1002273,52.70,Core,Balance,22.79,0.38,19.96,Low,256
1002560,52.66,Core,Burst,13.71,0.39,16.86,Low,257
1002618,52.64,Core,Balance,24.8,0.44,20.68,Low,258
1002575,52.63,Core,Balance,30.69,0.56,29.49,Medium,259
1002037,52.60,Core,Balance,32.37,0.44,30.51,Medium,260
1002406,52.59,Core,Balance,52.85,0.33,47.27,High,261
1002744,52.58,Core,Balance,32.64,0.50,28.01,Low,262
1002140,52.57,Core,Balance,34.21,0.47,23.74,Low,263
1002779,52.57,Core,Balance,30.42,0.45,19.84,Low,264
1002946,52.53,Core,Balance,29.29,0.50,23.37,Low,265
1002568,52.53,Core,Balance,34.39,0.50,30.60,Medium,266
1002028,52.50,Core,Burst,19.15,0.50,18.98,Low,267
1002421,52.48,Core,Burst,22.92,0.50,18.67,Low,268
1002321,52.48,Core,Balance,40.97,0.50,31.10,Medium,269
1002485,52.41,Core,Balance,45.46,0.53,25.87,Low,270
1002316,52.37,Core,Balance,31.3,0.50,28.92,Medium,271
1002205,52.35,Core,Balance,75.3,0.55,42.29,Medium,272
1002590,52.30,Core,Balance,31.13,0.50,23.57,Low,273
1002684,52.28,Core,Balance,23.47,0.39,23.83,Low,274
1002071,52.27,Core,Balance,31.97,0.43,25.07,Low,275
1002248,52.20,Core,Balance,28.85,0.63,31.07,Medium,276
1002267,52.14,Core,Burst,25.5,0.50,19.38,Low,277
1002644,52.12,Core,Balance,32.04,0.48,24.21,Low,278
1002022,52.11,Core,Balance,32.72,0.55,23.73,Low,279
1002482,52.11,Core,Balance,31.06,0.40,21.90,Low,280
1002612,52.10,Core,Balance,38.12,0.55,26.97,Low,281
1002249,52.02,Core,Balance,30.8,0.50,30.02,Medium,282
1002454,51.93,Core,Burst,22.15,0.38,16.82,Low,283
1002489,51.91,Core,Burst,34.4,0.56,17.84,Low,284
1002467,51.90,Core,Balance,20.79,0.48,22.82,Low,285
1002045,51.88,Core,Balance,43.43,0.57,46.43,High,286
1002430,51.85,Core,Balance,20.1,0.46,21.01,Low,287
1002511,51.82,Core,Balance,29.68,0.55,23.64,Low,288
1002164,51.76,Core,Balance,46.53,0.50,28.39,Low,289
1002533,51.76,Core,Balance,31.08,0.46,22.19,Low,289
1002676,51.70,Core,Balance,24.86,0.38,22.65,Low,291
1002780,51.68,Core,Balance,65.08,0.55,49.58,High,292
1002169,51.62,Core,Balance,26.08,0.48,24.66,Low,293
1002490,51.50,Core,Balance,22.98,0.48,24.43,Low,294
1002076,51.48,Core,Balance,59.92,0.56,39.00,Medium,295
1002670,51.45,Core,Burst,22.23,0.50,16.52,Low,296
1002202,51.42,Core,Balance,35.75,0.59,30.28,Medium,297
1002236,51.40,Core,Balance,38.44,0.53,34.02,Medium,298
1002277,51.38,Core,Balance,26.32,0.47,28.25,Low,299
1002102,51.36,Core,Balance,51.75,0.55,44.22,Medium,300
1002513,51.34,Core,Balance,48.29,0.50,44.49,High,301
1002832,51.33,Core,Balance,47.71,0.47,30.95,Medium,302
1002166,51.33,Core,Balance,29.12,0.45,28.77,Low,303
1002600,51.24,Core,Balance,34.18,0.57,29.53,Medium,304
1002768,51.21,Core,Burst,17.7,0.53,17.17,Low,305
1002738,51.21,Core,Balance,42.06,0.56,28.21,Low,306
1002077,51.20,Core,Balance,37.52,0.40,23.29,Low,307
1002442,51.18,Core,Balance,39.99,0.52,20.97,Low,308
1002299,51.16,Core,Balance,24.87,0.44,20.58,Low,309
1002320,51.16,Core,Balance,32.72,0.43,24.57,Low,310
1002413,51.12,Core,Balance,40.68,0.48,23.77,Low,311
1002925,51.01,Core,Balance,55.17,0.44,42.25,Medium,312
1002957,51.01,Core,Balance,28.44,0.47,30.32,Medium,313
1002595,50.98,Core,Balance,64.96,0.44,41.85,Medium,314
1002341,50.98,Core,Balance,37.14,0.44,24.32,Low,314
1002346,50.97,Core,Balance,25.33,0.52,24.26,Low,316
1002053,50.97,Core,Balance,39.85,0.46,23.93,Low,317
1002540,50.88,Core,Balance,20.77,0.50,24.99,Low,318
1002721,50.80,Core,Balance,43.04,0.43,28.82,Medium,319
1002020,50.78,Core,Balance,34.1,0.50,52.44,High,320
1002170,50.75,Core,Balance,44.3,0.50,40.42,Medium,321
1002189,50.74,Core,Balance,78.11,0.56,38.49,Medium,322
1002675,50.74,Core,Balance,28.62,0.50,30.28,Medium,323
1002040,50.69,Core,Balance,30.58,0.56,27.16,Low,324
1002023,50.69,Core,Balance,22.56,0.52,24.34,Low,325
1002461,50.68,Core,Burst,19.84,0.41,19.11,Low,326
1002294,50.68,Core,Balance,17.65,0.52,24.99,Low,327
1002233,50.67,Core,Balance,26.26,0.54,20.84,Low,328
1002001,50.63,Core,Balance,40.81,0.44,27.13,Low,329
1002262,50.59,Core,Balance,50.51,0.58,43.55,Medium,330
1002118,50.57,Core,Balance,23.24,0.47,30.16,Medium,331
1002526,50.56,Core,Balance,35.44,0.41,22.77,Low,332
1002720,50.54,Core,Balance,45.59,0.54,31.82,Medium,333
1002120,50.53,Core,Balance,27.03,0.50,20.18,Low,334
1002021,50.51,Core,Balance,38.45,0.33,26.68,Low,335
1002364,50.48,Core,Balance,26.14,0.50,21.86,Low,336
1002085,50.48,Core,Burst,19.83,0.56,18.74,Low,337
1002311,50.48,Core,Balance,28.75,0.50,33.14,Medium,337
1002986,50.46,Core,Balance,31.02,0.56,25.92,Low,339
1002521,50.45,Core,Balance,43.13,0.50,32.61,Medium,340
1002333,50.41,Core,Balance,28.47,0.42,25.55,Low,341
1002639,50.38,Core,Balance,38.56,0.52,25.39,Low,342
1002769,50.37,Core,Balance,47.14,0.48,21.48,Low,343
1002800,50.37,Core,Balance,23.04,0.56,21.76,Low,343
1002556,50.34,Core,Balance,56.71,0.56,44.88,High,345
1002555,50.31,Core,Balance,34.29,0.50,50.49,High,346
1002651,50.29,Core,Balance,29.6,0.45,22.05,Low,347
1002107,50.27,Core,Balance,58.85,0.50,40.88,Medium,348
1002446,50.25,Core,Balance,38.25,0.46,23.97,Low,349
1002064,50.25,Core,Balance,19.95,0.46,19.58,Low,349
1002851,50.21,Core,Balance,42.62,0.56,50.76,High,351
1002867,50.19,Core,Balance,40.84,0.50,48.41,High,352
1002941,50.18,Core,Balance,48.83,0.53,26.48,Low,353
1002667,50.16,Core,Balance,35.21,0.48,23.55,Low,354
1002725,50.16,Core,Burst,26.03,0.47,19.59,Low,355
1002290,50.16,Core,Balance,31.02,0.52,25.88,Low,356
1002772,50.11,Core,Balance,29,0.52,20.61,Low,357
1002633,50.07,Core,Balance,37.51,0.60,30.11,Medium,358
1002698,50.06,Core,Balance,30.07,0.48,24.71,Low,359
1002784,50.03,Core,Balance,31.53,0.41,25.48,Low,360
1002619,50.03,Core,Burst,16.12,0.63,17.07,Low,361
1002516,49.98,Core,Balance,57.7,0.56,41.53,Medium,362
1002650,49.98,Core,Balance,37.86,0.44,28.95,Medium,363
1002827,49.93,Core,Balance,58.24,0.56,48.19,High,364
1002782,49.93,Core,Balance,48.05,0.54,29.86,Medium,365
1002156,49.90,Core,Balance,54.92,0.50,44.29,Medium,366
1002710,49.87,Core,Balance,37.83,0.43,23.56,Low,367
1002123,49.87,Core,Balance,43.48,0.57,32.03,Medium,368
1002357,49.82,Core,Balance,43.53,0.50,49.52,High,369
1002502,49.82,Core,Balance,41.01,0.55,25.89,Low,370
1002103,49.81,Core,Balance,46.99,0.45,24.90,Low,371
1002369,49.77,Core,Balance,38.03,0.55,27.14,Low,372
1002361,49.76,Core,Burst,27.58,0.47,16.46,Low,373
1002990,49.74,Core,Balance,26.54,0.57,22.44,Low,374
1002127,49.70,Core,Balance,24.24,0.41,19.63,Low,375
1002775,49.70,Core,Balance,31.92,0.45,23.41,Low,375
1002551,49.62,Core,Burst,21.93,0.53,15.93,Low,377
1002571,49.60,Core,Balance,30.04,0.55,24.77,Low,378
1002338,49.59,Core,Burst,25.67,0.40,17.24,Low,379
1002977,49.55,Core,Burst,45.4,0.53,19.57,Low,380
1002671,49.51,Core,Balance,30.5,0.52,22.55,Low,381
1002836,49.51,Core,Balance,43.68,0.50,48.61,High,382
1002144,49.51,Core,Balance,45.72,0.50,27.52,Low,383
1002936,49.50,Core,Balance,37.67,0.50,24.43,Low,384
1002012,49.47,Core,Balance,24.9,0.45,21.29,Low,385
1002631,49.43,Core,Balance,32.12,0.42,27.07,Low,386
1002381,49.42,Core,Balance,27.49,0.33,21.18,Low,387
1002367,49.40,Core,Balance,11.2,0.36,21.48,Low,388
1002388,49.39,Core,Burst,27.32,0.50,18.63,Low,389
1002437,49.38,Core,Balance,44.62,0.46,26.77,Low,390
1002863,49.35,Core,Balance,23.15,0.57,25.06,Low,391
1002025,49.29,Core,Balance,66.65,0.56,41.10,Medium,392
1002433,49.29,Core,Balance,29.88,0.55,24.29,Low,393
1002796,49.25,Core,Burst,24.78,0.47,20.35,Low,394
1002614,49.21,Core,Balance,33.57,0.38,48.17,High,395
1002786,49.20,Core,Balance,47.48,0.50,47.35,High,396
1002058,49.20,Core,Burst,18.17,0.47,16.00,Low,396
1002818,49.20,Core,Balance,27.52,0.50,21.21,Low,398
1002566,49.18,Core,Balance,47.6,0.58,51.57,High,399
1002795,49.17,Core,Balance,42.68,0.47,27.79,Low,400
1002440,49.16,Core,Balance,36.95,0.48,24.02,Low,401
1002243,49.08,Core,Balance,35.22,0.40,31.78,Medium,402
1002090,49.02,Core,Burst,18.84,0.47,17.63,Low,403
1002605,49.02,Core,Balance,51.37,0.50,48.37,High,403
1002742,49.02,Core,Balance,47.38,0.55,26.22,Low,405
1002523,49.00,Core,Balance,33.72,0.48,19.64,Low,406
1002146,49.00,Core,Balance,46.55,0.56,48.36,High,407
1002681,48.97,Core,Balance,53.13,0.50,46.80,High,408
1002075,48.97,Core,Balance,42.85,0.56,44.10,Medium,409
1002245,48.95,Core,Balance,35,0.47,25.32,Low,410
1002729,48.94,Core,Balance,33.47,0.36,28.15,Low,411
1002937,48.93,Core,Balance,22.51,0.50,20.67,Low,412
1002143,48.92,Core,Balance,27.41,0.50,22.88,Low,413
1002733,48.87,Core,Balance,41.13,0.46,32.29,Medium,414
1002527,48.86,Core,Balance,43.35,0.53,25.10,Low,415
1002275,48.85,Core,Balance,32.57,0.47,28.46,Low,416
1002439,48.84,Core,Balance,34.99,0.48,21.30,Low,417
1002136,48.82,Core,Balance,33.14,0.53,26.26,Low,418
1002955,48.79,Core,Balance,36.26,0.50,25.63,Low,419
1002041,48.78,Core,Balance,35.09,0.50,22.61,Low,420
1002334,48.75,Core,Burst,28.2,0.56,15.01,Low,421
1002159,48.72,Core,Balance,42.93,0.50,50.86,High,422
1002065,48.71,Core,Balance,42.9,0.53,32.67,Medium,423
1002735,48.69,Core,Balance,29.6,0.45,22.99,Low,424
1002086,48.67,Core,Balance,35.76,0.50,24.74,Low,425
1002890,48.65,Core,Balance,55.47,0.50,43.18,Medium,426
1002620,48.63,Core,Balance,30.43,0.50,51.18,High,427
1002917,48.57,Core,Burst,24.4,0.53,18.36,Low,428
1002828,48.57,Core,Balance,28.47,0.36,25.97,Low,429
1002379,48.54,Core,Balance,17.18,0.48,24.03,Low,430
1002713,48.53,Core,Burst,41.79,0.41,17.76,Low,431
1002324,48.50,Core,Balance,35.07,0.55,22.79,Low,432
1002032,48.47,Core,Balance,57.22,0.43,41.46,Medium,433
1002932,48.45,Core,Balance,40.35,0.54,25.44,Low,434
1002484,48.43,Core,Burst,21.71,0.47,16.92,Low,435
1002278,48.43,Core,Balance,29.75,0.47,21.48,Low,436
1002773,48.38,Core,Balance,32.08,0.61,26.35,Low,437
1002318,48.31,Core,Balance,59.06,0.56,40.12,Medium,438
1002918,48.31,Core,Balance,54.89,0.60,46.49,High,439
1002234,48.28,Core,Balance,35.54,0.50,24.59,Low,440
1002161,48.28,Core,Balance,38.04,0.50,20.88,Low,440
1002231,48.26,Core,Balance,37.57,0.54,26.34,Low,442
1002429,48.23,Core,Balance,57.63,0.50,52.27,High,443
1002427,48.19,Core,Balance,29.86,0.45,27.33,Low,444
1002343,48.16,Core,Balance,34.63,0.50,22.93,Low,445
1002531,48.10,Core,Balance,28.66,0.40,20.14,Low,446
1002409,48.09,Core,Balance,41.3,0.50,24.61,Low,447
1002051,48.08,Core,Burst,28.26,0.47,14.36,Low,448
1002340,48.07,Core,Burst,22.07,0.60,19.21,Low,449
1002741,48.06,Core,Burst,20.25,0.43,17.37,Low,450
1002927,48.05,Core,Balance,36.67,0.43,21.84,Low,451
1002722,48.05,Core,Burst,19.46,0.50,17.44,Low,451
1002524,48.04,Core,Burst,18.82,0.43,17.02,Low,453
1002507,48.01,Core,Balance,40.05,0.56,22.98,Low,454
1002092,48.00,Core,Balance,31.03,0.40,31.98,Medium,455
1002872,47.99,Core,Balance,34.03,0.61,26.07,Low,456
1002788,47.98,Core,Balance,42.96,0.50,47.05,High,457
1002750,47.97,Core,Balance,27.32,0.56,47.17,High,458
1002298,47.95,Core,Balance,41.19,0.54,52.00,High,459
1002501,47.92,Core,Balance,34.4,0.53,26.88,Low,460
1002840,47.92,Core,Balance,23.32,0.44,19.98,Low,461
1002608,47.86,Core,Balance,21.18,0.50,23.70,Low,462
1002351,47.83,Core,Burst,21.54,0.44,18.16,Low,463
1002857,47.81,Core,Balance,31.05,0.50,27.12,Low,464
1002611,47.76,Core,Balance,33.74,0.57,25.14,Low,465
1002289,47.74,Core,Burst,26.03,0.47,19.00,Low,466
1002047,47.73,Core,Balance,41.9,0.57,44.39,High,467
1002749,47.73,Core,Balance,30.17,0.50,28.67,Low,468
1002563,47.68,Core,Balance,24.67,0.54,20.15,Low,469
1002732,47.68,Core,Burst,20.1,0.57,18.01,Low,470
1002622,47.66,Core,Balance,24.87,0.53,22.81,Low,471
1002565,47.65,Core,Balance,38.97,0.54,25.98,Low,472
1002860,47.64,Core,Balance,52.41,0.50,53.80,High,473
1002859,47.64,Core,Balance,41.7,0.53,30.20,Medium,474
1002850,47.57,Core,Balance,15.35,0.50,19.56,Low,475
1002469,47.55,Core,Balance,36.38,0.50,35.09,Medium,476
1002570,47.55,Core,Balance,59.45,0.50,42.72,Medium,476
1002674,47.52,Core,Balance,24.74,0.48,19.39,Low,478
1002852,47.50,Core,Balance,29.71,0.55,25.66,Low,479
1002534,47.50,Core,Burst,10.62,0.53,17.87,Low,480
1002024,47.48,Core,Balance,55.03,0.58,52.02,High,481
1002304,47.47,Core,Balance,34.1,0.58,23.68,Low,482
1002808,47.37,Core,Balance,41.11,0.46,28.86,Medium,483
1002395,47.37,Core,Balance,25.45,0.46,31.78,Medium,483
1002464,47.37,Core,Balance,32.09,0.50,22.63,Low,485
1002399,47.35,Core,Balance,35.35,0.57,29.83,Medium,486
1002823,47.27,Core,Burst,33.19,0.30,14.28,Low,487
1002630,47.27,Core,Balance,24.26,0.44,21.80,Low,488
1002483,47.26,Core,Balance,41.89,0.50,50.43,High,489
1002987,47.26,Core,Burst,18.56,0.46,17.92,Low,490
1002418,47.24,Core,Balance,69.61,0.44,44.36,Medium,491
1002300,47.23,Core,Balance,47.59,0.45,44.04,Medium,492
1002313,47.22,Core,Balance,34.68,0.57,27.04,Low,493
1002286,47.17,Core,Burst,20.47,0.44,19.29,Low,494
1002754,47.13,Core,Balance,24.24,0.50,21.06,Low,495
1002500,47.12,Core,Balance,24.43,0.54,21.33,Low,496
1002891,47.10,Core,Balance,33,0.41,24.64,Low,497
1002448,47.08,Core,Burst,23.21,0.50,18.58,Low,498
1002656,47.08,Core,Balance,26.39,0.47,26.68,Low,499
1002680,47.07,Core,Burst,30.76,0.47,18.33,Low,500
1002094,47.07,Core,Balance,45.21,0.44,51.24,High,501
1002661,47.01,Core,Balance,30.55,0.50,27.90,Low,502
1002111,46.98,Core,Balance,64.4,0.67,43.94,Medium,503
1002582,46.95,Core,Burst,29.88,0.40,16.78,Low,504
1002184,46.95,Core,Balance,31.64,0.42,50.02,High,505
1002969,46.86,Core,Balance,60.51,0.44,49.48,High,506
1002228,46.81,Core,Balance,29.64,0.57,25.71,Low,507
1002877,46.81,Core,Balance,63.66,0.56,44.46,High,508
1002643,46.80,Core,Balance,50.67,0.50,50.06,High,509
1002514,46.77,Core,Balance,65.25,0.57,40.22,Medium,510
1002158,46.76,Core,Balance,38.48,0.52,22.59,Low,511
1002870,46.70,Core,Balance,37.59,0.55,51.24,High,512
1002177,46.69,Core,Balance,27.32,0.52,26.16,Low,513
1002911,46.68,Core,Balance,43.55,0.45,25.37,Low,514
1002646,46.63,Core,Burst,22.32,0.43,17.93,Low,515
1002182,46.63,Core,Balance,40.79,0.53,31.02,Medium,516
1002200,46.63,Core,Balance,54.06,0.42,56.89,High,517
1002905,46.59,Core,Balance,22.78,0.50,23.76,Low,518
1002128,46.58,Core,Balance,31.81,0.57,20.84,Low,519
1002665,46.54,Core,Burst,28.85,0.48,17.58,Low,520
1002403,46.51,Core,Burst,25.62,0.67,15.58,Low,521
1002874,46.51,Core,Balance,28.79,0.52,22.33,Low,522
1002903,46.50,Core,Balance,42.42,0.42,25.76,Low,523
1002626,46.46,Core,Balance,48.01,0.54,47.27,High,524
1002093,46.45,Core,Balance,25.06,0.42,30.14,Medium,525
1002314,46.44,Core,Balance,34.42,0.50,35.09,Medium,526
1002821,46.43,Core,Balance,21.25,0.55,18.81,Low,527
1002435,46.41,Core,Balance,55.88,0.56,41.67,Medium,528
1002546,46.40,Core,Balance,31.74,0.46,30.63,Medium,529
1002883,46.39,Core,Balance,33.47,0.54,29.57,Medium,530
1002829,46.39,Core,Balance,56.01,0.56,44.27,Medium,531
1002131,46.33,Core,Balance,37.03,0.56,26.88,Low,532
1002282,46.33,Core,Balance,40.63,0.43,44.63,High,533
1002964,46.33,Core,Balance,35.29,0.47,23.03,Low,534
1002621,46.32,Core,Balance,48.83,0.46,32.35,Medium,535
1002271,46.28,Core,Burst,22.3,0.46,16.21,Low,536
1002787,46.25,Core,Balance,62.37,0.50,45.99,High,537
1002873,46.24,Core,Balance,42.9,0.54,35.30,Medium,538
1002695,46.21,Core,Balance,32.7,0.45,27.80,Low,539
1002481,46.20,Core,Balance,66.06,0.50,42.82,Medium,540
1002584,46.12,Core,Burst,30.02,0.46,17.31,Low,541
1002208,46.10,Core,Burst,22.12,0.50,17.95,Low,542
1002160,46.06,Core,Burst,11.67,0.50,19.11,Low,543
1002475,46.03,Core,Balance,48.71,0.60,42.15,Medium,544
1002153,45.98,Core,Balance,58.08,0.58,32.21,Medium,545
1002444,45.96,Core,Balance,56.4,0.50,47.07,High,546
1002637,45.95,Core,Balance,40.72,0.41,28.34,Low,547
1002308,45.91,Core,Balance,39.73,0.50,44.01,Medium,548
1002487,45.88,Core,Balance,52.36,0.56,47.16,High,549
1002204,45.87,Core,Burst,25.5,0.50,17.41,Low,550
1002824,45.85,Core,Balance,23.57,0.40,25.76,Low,551
1002707,45.85,Core,Balance,54.39,0.50,42.19,Medium,552
1002179,45.83,Core,Balance,25.48,0.55,46.71,High,553
1002816,45.83,Core,Balance,26.8,0.47,23.64,Low,554
1002561,45.80,Core,Balance,62.44,0.57,44.74,High,555
1002247,45.78,Core,Balance,38.56,0.46,24.29,Low,556
1002574,45.77,Core,Balance,26.71,0.63,24.21,Low,557
1002562,45.69,Core,Balance,35.96,0.47,25.32,Low,558
1002411,45.64,Core,Balance,44.72,0.45,19.26,Low,559
1002745,45.62,Core,Balance,35.56,0.43,30.12,Medium,560
1002581,45.61,Core,Balance,47.84,0.50,30.40,Medium,561
1002854,45.58,Core,Balance,43.67,0.63,42.79,Medium,562
1002664,45.57,Core,Balance,44.75,0.45,27.79,Low,563
1002693,45.56,Core,Balance,50.56,0.57,45.50,High,564
1002104,45.53,Core,Balance,60.87,0.50,53.34,High,565
1002203,45.51,Core,Burst,17.97,0.50,19.11,Low,566
1002079,45.49,Core,Balance,38.32,0.55,45.64,High,567
1002876,45.45,Core,Balance,38.83,0.42,34.37,Medium,568
1002714,45.44,Core,Balance,57.19,0.54,46.61,High,569
1002199,45.43,Core,Balance,43.5,0.57,38.98,Medium,570
1002727,45.37,Core,Burst,27.66,0.42,20.06,Low,571
1002476,45.36,Core,Balance,30.04,0.54,29.26,Medium,572
1002886,45.35,Core,Balance,36.57,0.50,29.36,Medium,573
1002865,45.34,Core,Balance,41.15,0.42,26.39,Low,574
1002711,45.32,Core,Balance,35.08,0.44,22.15,Low,575
1002921,45.31,Core,Balance,27.89,0.53,24.02,Low,576
1002956,45.31,Core,Balance,41.78,0.55,48.91,High,577
1002174,45.29,Core,Burst,22.97,0.44,13.22,Low,578
1002046,45.29,Core,Balance,31.5,0.54,32.96,Medium,579
1002479,45.25,Core,Balance,44.98,0.45,26.21,Low,580
1002039,45.22,Core,Balance,25.65,0.47,23.72,Low,581
1002173,45.22,Core,Balance,29.04,0.44,23.77,Low,582
1002455,45.21,Core,Balance,59.08,0.56,44.54,High,583
1002339,45.21,Core,Balance,33.26,0.44,28.03,Low,584
1002855,45.18,Core,Balance,45.29,0.40,32.97,Medium,585
1002113,45.15,Core,Burst,29.34,0.58,16.57,Low,586
1002799,45.14,Core,Balance,18.39,0.50,22.40,Low,587
1002778,45.13,Core,Balance,47.6,0.58,48.17,High,588
1002272,45.11,Core,Burst,24.22,0.50,16.91,Low,589
1002171,45.08,Core,Balance,27.07,0.45,30.98,Medium,590
1002530,45.06,Core,Balance,27,0.48,23.24,Low,591
1002219,45.05,Core,Balance,38.32,0.45,32.02,Medium,592
1002491,45.01,Core,Balance,18.51,0.52,19.24,Low,593
1002774,45.00,Core,Balance,25.1,0.45,22.57,Low,594
1002683,44.99,Core,Balance,30.79,0.50,27.25,Low,595
1002569,44.98,Core,Balance,41,0.50,32.39,Medium,596
1002980,44.97,Core,Balance,35.2,0.56,22.61,Low,597
1002345,44.94,Core,Balance,36.29,0.50,52.70,High,598
1002026,44.93,Core,Balance,34.76,0.50,29.13,Medium,599
1002473,44.89,Core,Burst,20.59,0.47,18.58,Low,600
1002412,44.88,Core,Burst,14.45,0.53,19.03,Low,601
1002811,44.88,Core,Burst,21.37,0.33,18.45,Low,602
1002961,44.86,Core,Balance,47.92,0.50,28.48,Low,603
1002438,44.82,Core,Balance,39.62,0.50,44.27,Medium,604
1002198,44.80,Core,Balance,49.94,0.57,45.87,High,605
1002694,44.76,Core,Balance,25.82,0.44,25.01,Low,606
1002423,44.75,Core,Burst,26.78,0.56,17.84,Low,607
1002056,44.75,Core,Balance,48.35,0.58,27.02,Low,607
1002679,44.75,Core,Balance,46.23,0.46,33.50,Medium,609
1002356,44.73,Core,Balance,36.84,0.56,49.41,High,610
1002371,44.71,Core,Balance,60.39,0.63,40.57,Medium,611
1002610,44.68,Core,Balance,35.37,0.50,31.06,Medium,612
1002848,44.66,Core,Burst,23.69,0.50,16.98,Low,613
1002598,44.63,Core,Balance,32.42,0.53,26.13,Low,614
1002923,44.63,Core,Balance,26.7,0.45,31.27,Medium,615
1002912,44.57,Core,Balance,24.4,0.53,27.29,Low,616
1002938,44.55,Core,Balance,30.81,0.53,26.20,Low,617
1002826,44.53,Core,Balance,23.53,0.52,21.30,Low,618
1002257,44.45,Core,Burst,24.93,0.53,17.16,Low,619
1002196,44.42,Core,Balance,30.48,0.47,20.71,Low,620
1002636,44.40,Core,Balance,18.26,0.55,19.66,Low,621
1002869,44.40,Core,Balance,37.14,0.56,46.14,High,622
1002261,44.37,Core,Balance,44.31,0.40,20.35,Low,623
1002306,44.36,Core,Balance,24.71,0.50,31.07,Medium,624
1002830,44.31,Core,Balance,22.64,0.39,23.57,Low,625
1002884,44.27,Core,Balance,69.97,0.57,35.50,Medium,626
1002138,44.26,Core,Balance,59.69,0.50,46.04,High,627
1002777,44.20,Core,Balance,20.53,0.54,19.39,Low,628
1002767,44.18,Core,Balance,18.73,0.54,19.53,Low,629
1002100,44.18,Core,Balance,31.36,0.50,24.17,Low,630
1002213,44.10,Core,Balance,36.59,0.50,49.81,High,631
1002391,44.07,Core,Burst,22.14,0.50,18.07,Low,632
1002362,44.06,Core,Burst,26.05,0.43,18.11,Low,633
1002176,44.05,Core,Balance,37.18,0.50,32.79,Medium,634
1002952,44.03,Core,Balance,49.82,0.33,37.06,Medium,635
1002634,44.01,Core,Burst,24.9,0.43,15.57,Low,636
1002544,44.00,Core,Balance,22.46,0.43,19.68,Low,637
1002931,43.98,Core,Balance,33.61,0.50,31.17,Medium,638
1002991,43.97,Core,Balance,31.57,0.40,48.58,High,639
1002033,43.96,Core,Balance,25.82,0.50,24.18,Low,640
1002227,43.95,Core,Balance,26.53,0.58,29.61,Medium,641
1002839,43.92,Core,Balance,40.51,0.50,28.50,Low,642
1002503,43.92,Core,Balance,41.13,0.50,30.48,Medium,642
1002263,43.89,Core,Balance,26.36,0.47,21.11,Low,644
1002152,43.89,Core,Burst,21.39,0.53,16.40,Low,644
1002428,43.88,Core,Burst,7.91,0.50,17.22,Low,646
1002759,43.86,Core,Balance,32.5,0.42,32.44,Medium,647
1002434,43.85,Core,Burst,28.71,0.53,16.90,Low,648
1002488,43.83,Core,Balance,22.67,0.44,20.48,Low,649
1002015,43.80,Core,Balance,51.4,0.57,41.87,Medium,650
1002331,43.79,Core,Balance,72.4,0.57,42.79,Medium,651
1002708,43.77,Core,Balance,37.37,0.46,28.19,Low,652
1002790,43.72,Core,Balance,60.69,0.44,40.75,Medium,653
1002280,43.71,Core,Burst,22.19,0.46,16.49,Low,654
1002172,43.70,Core,Balance,60.04,0.50,43.22,Medium,655
1002067,43.70,Core,Balance,70.33,0.57,41.58,Medium,655
1002384,43.70,Core,Balance,26.57,0.54,30.29,Medium,655
1002465,43.69,Core,Burst,27.57,0.48,18.11,Low,658
1002739,43.66,Core,Balance,26.79,0.55,30.02,Medium,659
1002792,43.66,Core,Balance,60.81,0.50,46.81,High,660
1002868,43.63,Core,Balance,26.87,0.50,14.87,Low,661
1002958,43.61,Core,Balance,49.76,0.45,30.23,Medium,662
1002731,43.60,Core,Burst,22.93,0.57,17.82,Low,663
1002528,43.59,Core,Balance,41.1,0.44,43.68,Medium,664
1002906,43.59,Core,Balance,40.15,0.50,30.04,Medium,665
1002567,43.58,Core,Burst,22.38,0.54,18.34,Low,666
1002539,43.47,Core,Balance,33.72,0.61,23.12,Low,667
1002603,43.44,Core,Balance,21.23,0.33,22.65,Low,668
1002142,43.43,Core,Balance,46.58,0.56,24.30,Low,669
1002649,43.42,Core,Balance,18.09,0.40,20.32,Low,670
1002069,43.38,Core,Balance,27.23,0.54,29.36,Medium,671
1002833,43.33,Core,Balance,38.64,0.39,19.74,Low,672
1002168,43.32,Core,Balance,47.8,0.44,49.95,High,673
1002984,43.31,Core,Burst,22.67,0.47,16.44,Low,674
1002756,43.30,Core,Balance,64.58,0.67,43.59,Medium,675
1002625,43.30,Core,Balance,44.88,0.50,34.85,Medium,675
1002549,43.30,Core,Balance,42.02,0.42,24.63,Low,675
1002269,43.29,Core,Burst,37.04,0.54,19.16,Low,678
1002895,43.26,Core,Balance,33.61,0.47,21.26,Low,679
1002185,43.25,Core,Balance,33.28,0.57,23.36,Low,680
1002525,43.23,Core,Balance,33.3,0.60,34.13,Medium,681
1002609,43.21,Core,Balance,27.11,0.40,31.11,Medium,682
1002820,43.21,Core,Burst,22.85,0.46,17.16,Low,683
1002815,43.16,Core,Balance,35.05,0.50,19.34,Low,684
1002148,43.15,Core,Balance,29.79,0.55,25.83,Low,685
1002347,43.13,Core,Balance,74.18,0.57,40.69,Medium,686
1002266,43.11,Core,Balance,48.19,0.63,42.43,Medium,687
1002250,43.09,Core,Balance,35.72,0.56,22.07,Low,688
1002712,43.08,Core,Balance,47.74,0.56,50.48,High,689
1002982,43.02,Core,Balance,44.37,0.44,59.96,High,690
1002283,43.01,Core,Balance,53.05,0.63,41.32,Medium,691
1002587,43.01,Core,Balance,53.96,0.50,43.37,Medium,691
1002253,42.97,Core,Balance,64.75,0.57,45.52,High,693
1002408,42.96,Core,Burst,14.45,0.43,17.90,Low,694
1002124,42.95,Core,Burst,13.15,0.55,16.64,Low,695
1002493,42.91,Core,Balance,41.63,0.57,43.84,Medium,696
1002785,42.91,Core,Balance,43.74,0.50,30.57,Medium,697
1002717,42.89,Core,Burst,19.65,0.40,19.04,Low,698
1002242,42.85,Core,Balance,55.86,0.63,43.01,Medium,699
1002499,42.85,Core,Balance,35.24,0.42,30.87,Medium,699
1002881,42.83,Core,Balance,30.23,0.50,20.38,Low,701
1002579,42.79,Core,Balance,29.2,0.46,32.01,Medium,702
1002372,42.73,Core,Balance,33.91,0.46,29.30,Medium,703
1002724,42.71,Core,Burst,15.3,0.54,15.59,Low,704
1002897,42.70,Core,Balance,44.33,0.57,46.61,High,705
1002696,42.70,Core,Balance,41.99,0.55,51.67,High,705
1002858,42.69,Core,Balance,41.73,0.50,28.67,Low,707
1002943,42.68,Core,Balance,48.34,0.50,32.36,Medium,708
1002426,42.63,Core,Balance,63.56,0.50,47.43,High,709
1002892,42.63,Core,Balance,56.05,0.57,43.48,Medium,710
1002802,42.59,Core,Balance,22.91,0.44,24.55,Low,711
1002494,42.48,Core,Balance,38.58,0.42,47.02,High,712
1002817,42.38,Core,Balance,34.57,0.58,29.59,Medium,713
1002519,42.36,Core,Balance,33.24,0.53,25.71,Low,714
1002073,42.35,Core,Balance,62.07,0.50,44.43,High,715
1002933,42.35,Core,Balance,50.99,0.50,54.12,High,715
1002453,42.33,Core,Burst,24.58,0.50,17.94,Low,717
1002297,42.31,Core,Balance,38.56,0.45,46.55,High,718
1002443,42.30,Core,Balance,60,0.50,35.58,Medium,719
1002000,42.25,Core,Balance,44.67,0.50,48.70,High,720
1002862,42.23,Core,Balance,54.97,0.50,45.91,High,721
1002449,42.22,Core,Balance,31.81,0.47,19.00,Low,722
1002134,42.21,Core,Balance,30.87,0.42,25.39,Low,723
1002653,42.10,Core,Balance,62.16,0.50,40.18,Medium,724
1002310,42.08,Core,Balance,33.59,0.55,30.58,Medium,725
1002181,42.02,Core,Balance,34.93,0.47,21.97,Low,726
1002474,41.90,Core,Balance,68.25,0.67,38.61,Medium,727
1002592,41.86,Core,Balance,52.03,0.63,49.76,High,728
1002386,41.80,Core,Balance,37.01,0.50,20.69,Low,729
1002030,41.79,Core,Balance,45.85,0.50,50.18,High,730
1002255,41.78,Core,Balance,35.8,0.45,50.19,High,731
1002043,41.73,Core,Balance,35.54,0.56,46.60,High,732
1002806,41.71,Core,Balance,22.72,0.47,23.02,Low,733
1002985,41.71,Core,Balance,30.62,0.46,28.28,Low,734
1002909,41.70,Core,Balance,50.77,0.43,39.72,Medium,735
1002342,41.67,Core,Balance,41.95,0.44,52.27,High,736
1002889,41.65,Core,Balance,19.07,0.42,19.78,Low,737
1003000,41.64,Core,Burst,20.07,0.46,17.89,Low,738
1002660,41.63,Core,Balance,53.8,0.57,40.01,Medium,739
1002460,41.62,Core,Balance,30.28,0.50,20.84,Low,740
1002766,41.59,Core,Balance,49.5,0.57,52.54,High,741
1002006,41.56,Core,Balance,35.5,0.56,52.79,High,742
1002968,41.55,Core,Balance,36.14,0.38,25.91,Low,743
1002082,41.54,Core,Balance,50.34,0.56,44.26,Medium,744
1002896,41.51,Core,Balance,52.46,0.63,45.30,High,745
1002548,41.51,Core,Balance,34.29,0.44,53.24,High,746
1002165,41.51,Core,Balance,38.64,0.58,30.95,Medium,747
1002814,41.51,Core,Burst,20.41,0.58,17.72,Low,747
1002496,41.50,Core,Balance,46.9,0.55,34.28,Medium,749
1002373,41.50,Core,Balance,41.19,0.50,46.49,High,749
1002265,41.50,Core,Balance,24.12,0.50,19.32,Low,749
1002545,41.48,Core,Balance,55.92,0.45,32.40,Medium,752
1002878,41.46,Core,Balance,34.3,0.57,19.42,Low,753
1002894,41.46,Core,Balance,37.01,0.44,52.35,High,754
1002349,41.40,Core,Burst,26.76,0.53,18.62,Low,755
1002301,41.33,Core,Balance,25.77,0.50,20.43,Low,756
1002755,41.33,Core,Balance,61.73,0.57,42.25,Medium,757
1002875,41.30,Core,Balance,37.11,0.47,29.54,Medium,758
1002363,41.30,Core,Burst,12.09,0.58,16.74,Low,758
1002928,41.28,Core,Balance,27.54,0.50,23.79,Low,760
1002256,41.19,Core,Balance,50,0.50,48.38,High,761
1002063,41.14,Core,Balance,31.76,0.38,46.73,High,762
1002920,41.08,Core,Burst,25.2,0.50,15.96,Low,763
1002835,41.07,Core,Balance,29.9,0.50,21.47,Low,764
1002557,41.05,Core,Balance,47.84,0.45,33.66,Medium,765
1002080,41.01,Core,Balance,19.51,0.44,19.46,Low,766
1002385,41.01,Core,Balance,28.3,0.43,24.33,Low,767
1002319,41.00,Core,Balance,38.88,0.46,24.34,Low,768
1002662,40.98,Core,Balance,36.79,0.50,48.42,High,769
1002162,40.98,Core,Balance,69.21,0.50,51.25,High,769
1002789,40.98,Core,Balance,33.85,0.53,24.84,Low,771
1002070,40.93,Core,Balance,57.52,0.50,44.39,High,772
1002764,40.92,Core,Balance,25.44,0.43,26.17,Low,773
1002668,40.88,Core,Balance,29.37,0.67,47.10,High,774
1002688,40.88,Core,Balance,34.31,0.50,44.31,Medium,775
1002462,40.86,Core,Balance,29.74,0.57,24.44,Low,776
1002589,40.85,Core,Burst,26.08,0.55,18.19,Low,777
1002900,40.75,Core,Balance,29.84,0.50,25.83,Low,778
1002122,40.73,Core,Balance,17.44,0.44,16.67,Low,779
1002655,40.70,Core,Balance,42.79,0.50,29.30,Medium,780
1002536,40.65,Core,Balance,28.68,0.50,30.30,Medium,781
1002628,40.63,Core,Balance,42.37,0.50,30.37,Medium,782
1002916,40.58,Core,Burst,18.98,0.38,13.91,Low,783
1002992,40.53,Core,Balance,44.09,0.56,50.67,High,784
1002929,40.51,Core,Balance,28.32,0.45,22.44,Low,785
1002183,40.50,Core,Balance,40.8,0.57,46.86,High,786
1002996,40.49,Core,Balance,27.86,0.56,21.49,Low,787
1002471,40.47,Core,Balance,18.73,0.55,30.09,Medium,788
1002748,40.47,Core,Balance,30.21,0.56,47.19,High,789
1002642,40.46,Core,Balance,22.64,0.45,22.82,Low,790
1002935,40.40,Core,Balance,50.51,0.67,39.57,Medium,791
1002791,40.34,Core,Balance,39.54,0.44,25.42,Low,792
1002899,40.29,Core,Balance,51.94,0.44,30.92,Medium,793
1002797,40.28,Core,Balance,22.87,0.56,19.06,Low,794
1002810,40.27,Core,Balance,24.95,0.42,21.28,Low,795
1002846,40.24,Core,Balance,46.68,0.50,30.97,Medium,796
1002940,40.21,Core,Balance,65.34,0.63,47.11,High,797
1002641,40.20,Core,Balance,57.29,0.60,38.73,Medium,798
1002572,40.19,Core,Balance,37.23,0.50,33.89,Medium,799
1002398,40.14,Core,Balance,30.71,0.60,28.91,Medium,800
1002008,40.06,Core,Burst,30.47,0.54,16.85,Low,801
1002978,40.01,Core,Balance,35.99,0.40,31.55,Medium,802
1002887,40.00,Core,Burst,21.97,0.55,17.40,Low,803
1002853,39.96,Core,Balance,25.27,0.50,21.78,Low,804
1002734,39.96,Core,Burst,11.97,0.45,17.85,Low,805
1002945,39.96,Core,Balance,42.5,0.57,43.22,Medium,806
1002192,39.94,Core,Burst,23.06,0.50,18.11,Low,807
1002596,39.92,Core,Burst,29.61,0.53,16.38,Low,808
1002109,39.87,Core,Balance,36.09,0.50,21.62,Low,809
1002758,39.69,Core,Balance,21.47,0.42,19.22,Low,810
1002856,39.65,Core,Balance,33.01,0.47,19.46,Low,811
1002834,39.55,Casual,Balance,35.48,0.33,22.80,Low,812
1002730,39.54,Casual,Balance,59.47,0.60,33.33,Medium,813
1002126,39.51,Casual,Balance,61.56,0.57,44.32,Medium,814
1002588,39.51,Casual,Balance,72.78,0.43,46.79,High,814
1002083,39.47,Casual,Burst,20.89,0.45,19.15,Low,816
1002995,39.39,Casual,Balance,33.21,0.58,27.73,Low,817
1002951,39.38,Casual,Balance,49.55,0.67,45.78,High,818
1002948,39.38,Casual,Balance,39.41,0.50,21.98,Low,819
1002689,39.37,Casual,Balance,36.09,0.56,32.81,Medium,820
1002602,39.34,Casual,Balance,35.74,0.43,26.66,Low,821
1002495,39.34,Casual,Balance,40.64,0.60,28.92,Medium,822
1002417,39.33,Casual,Balance,50.72,0.60,51.03,High,823
1002879,39.33,Casual,Balance,28.24,0.53,18.52,Low,824
1002746,39.27,Casual,Balance,53.87,0.50,46.03,High,825
1002950,39.12,Casual,Balance,50.15,0.40,28.73,Low,826
1002535,39.10,Casual,Balance,62.1,0.50,46.35,High,827
1002241,39.06,Casual,Balance,41.54,0.50,49.16,High,828
1002078,39.04,Casual,Balance,24.23,0.50,28.93,Medium,829
1002922,38.96,Casual,Balance,32.49,0.53,27.64,Low,830
1002212,38.93,Casual,Balance,59.77,0.67,43.25,Medium,831
1002397,38.91,Casual,Balance,73.42,0.57,37.11,Medium,832
1002703,38.86,Casual,Balance,35.37,0.43,21.46,Low,833
1002576,38.84,Casual,Balance,34.27,0.57,20.71,Low,834
1002387,38.84,Casual,Balance,32.67,0.43,28.74,Low,835
1002657,38.82,Casual,Balance,45.22,0.50,41.28,Medium,836
1002235,38.81,Casual,Balance,51.94,0.56,54.47,High,837
1002809,38.79,Casual,Balance,31.6,0.47,23.02,Low,838
1002578,38.73,Casual,Balance,35.32,0.29,23.65,Low,839
1002685,38.71,Casual,Balance,18.02,0.67,29.58,Medium,840
1002997,38.68,Casual,Burst,18.09,0.54,16.78,Low,841
1002954,38.63,Casual,Balance,31.89,0.47,28.49,Low,842
1002715,38.53,Casual,Balance,58.14,0.71,40.70,Medium,843
1002939,38.45,Casual,Balance,25.83,0.40,20.53,Low,844
1002400,38.44,Casual,Balance,37.29,0.40,43.89,Medium,845
1002133,38.43,Casual,Balance,53.55,0.50,31.43,Medium,846
1002542,38.38,Casual,Balance,24.93,0.64,23.85,Low,847
1002648,38.34,Casual,Balance,20.71,0.41,23.99,Low,848
1002893,38.32,Casual,Balance,22.86,0.36,20.89,Low,849
1002014,38.30,Casual,Balance,37.02,0.56,27.32,Low,850
1002585,38.26,Casual,Balance,36.08,0.50,19.90,Low,851
1002139,38.23,Casual,Balance,32.88,0.42,19.82,Low,852
1002898,38.22,Casual,Balance,47.68,0.50,48.25,High,853
1002368,38.18,Casual,Balance,68.33,0.60,39.07,Medium,854
1002529,38.10,Casual,Balance,60.77,0.67,39.28,Medium,855
1002468,38.08,Casual,Burst,19.09,0.46,17.08,Low,856
1002924,38.06,Casual,Balance,22.56,0.44,17.14,Low,857
1002819,38.05,Casual,Balance,51.62,0.67,41.71,Medium,858
1002776,38.01,Casual,Balance,32.04,0.50,25.30,Low,859
1002843,38.00,Casual,Balance,41.27,0.50,30.13,Medium,860
1002004,37.96,Casual,Balance,16.35,0.50,15.42,Low,861
1002794,37.89,Casual,Burst,22.08,0.55,18.96,Low,862
1002518,37.87,Casual,Balance,11.38,0.55,20.14,Low,863
1002770,37.85,Casual,Balance,42.69,0.67,48.57,High,864
1002486,37.82,Casual,Balance,48.08,0.56,28.94,Medium,865
1002949,37.82,Casual,Balance,59.08,0.50,40.43,Medium,866
1002049,37.75,Casual,Burst,13.89,0.55,17.79,Low,867
1002801,37.73,Casual,Balance,51.85,0.67,38.37,Medium,868
1002825,37.67,Casual,Balance,28.05,0.56,16.80,Low,869
1002844,37.67,Casual,Balance,23.53,0.56,17.80,Low,869
1002979,37.64,Casual,Balance,56.73,0.60,38.42,Medium,871
1002783,37.62,Casual,Balance,33.4,0.47,21.12,Low,872
1002993,37.58,Casual,Balance,44.58,0.50,39.57,Medium,873
1002254,37.56,Casual,Balance,45.04,0.71,44.15,Medium,874
1002692,37.32,Casual,Balance,44.22,0.50,39.62,Medium,875
1002591,37.30,Casual,Balance,40.9,0.67,29.39,Medium,876
1002842,37.28,Casual,Balance,30.47,0.56,32.25,Medium,877
1002647,37.19,Casual,Balance,28.87,0.50,30.23,Medium,878
1002151,37.14,Casual,Balance,35.35,0.50,22.67,Low,879
1002700,37.10,Casual,Balance,37.97,0.60,49.23,High,880
1002510,37.08,Casual,Balance,24.01,0.60,18.88,Low,881
1002050,37.07,Casual,Balance,61.66,0.67,45.32,High,882
1002607,37.03,Casual,Balance,26.82,0.60,17.57,Low,883
1002175,37.02,Casual,Balance,11.36,0.40,17.95,Low,884
1002864,36.99,Casual,Balance,18.52,0.40,17.36,Low,885
1002736,36.87,Casual,Balance,62.99,0.71,53.14,High,886
1002221,36.86,Casual,Balance,37.86,0.45,30.43,Medium,887
1002599,36.71,Casual,Balance,35.88,0.57,22.56,Low,888
1002645,36.68,Casual,Balance,34.99,0.67,24.85,Low,889
1002018,36.68,Casual,Balance,31.06,0.50,30.31,Medium,890
1002837,36.59,Casual,Balance,26.13,0.50,20.05,Low,891
1002888,36.57,Casual,Balance,20.17,0.60,16.08,Low,892
1002424,36.50,Casual,Balance,38.08,0.50,18.25,Low,893
1002701,36.45,Casual,Balance,35.41,0.50,50.86,High,894
1002580,36.38,Casual,Balance,46.63,0.63,27.64,Low,895
1002375,36.34,Casual,Burst,19.57,0.55,16.75,Low,896
1002055,36.29,Casual,Balance,51.54,0.43,50.50,High,897
1002508,36.28,Casual,Balance,38.02,0.56,27.93,Low,898
1002659,36.14,Casual,Balance,44.66,0.56,30.97,Medium,899
1002880,36.14,Casual,Balance,18.59,0.56,29.70,Medium,899
1002994,36.04,Casual,Balance,25.38,0.44,23.13,Low,901
1002108,36.04,Casual,Balance,25.22,0.50,16.10,Low,902
1002751,36.02,Casual,Balance,42.16,0.50,44.89,High,903
1002366,35.98,Casual,Balance,19.53,0.50,49.06,High,904
1002975,35.90,Casual,Burst,32,0.41,15.87,Low,905
1002239,35.76,Casual,Burst,18.91,0.36,19.29,Low,906
1002638,35.59,Casual,Balance,33.05,0.43,44.27,Medium,907
1002365,35.45,Casual,Balance,36.7,0.63,26.53,Low,908
1002678,35.41,Casual,Balance,19.19,0.50,15.46,Low,909
1002191,35.34,Casual,Balance,86.62,0.60,39.61,Medium,910
1002953,35.26,Casual,Balance,21.41,0.64,18.92,Low,911
1002112,35.10,Casual,Balance,51.88,0.60,47.61,High,912
1002287,35.02,Casual,Balance,38.78,0.60,32.70,Medium,913
1002838,35.01,Casual,Balance,47.98,0.60,22.60,Low,914
1002098,34.97,Casual,Balance,21.08,0.50,20.57,Low,915
1002885,34.80,Casual,Balance,37.84,0.50,23.60,Low,916
1002522,34.80,Casual,Balance,17.16,0.50,18.64,Low,916
1002966,34.79,Casual,Balance,27.23,0.50,31.06,Medium,918
1002276,34.67,Casual,Balance,63.19,0.67,45.41,High,919
1002616,34.56,Casual,Balance,38.55,0.50,54.22,High,920
1002974,34.32,Casual,Balance,53,0.60,45.37,High,921
1002292,34.32,Casual,Balance,45.45,0.50,26.61,Low,921
1002252,34.30,Casual,Balance,40.42,0.50,26.59,Low,923
1002088,34.30,Casual,Burst,21.85,0.55,17.19,Low,923
1002623,34.16,Casual,Balance,42.33,0.50,32.30,Medium,925
1002904,34.05,Casual,Balance,22.68,0.42,25.59,Low,926
1002327,34.03,Casual,Balance,34.56,0.57,31.08,Medium,927
1002154,34.01,Casual,Balance,34.75,0.50,17.47,Low,928
1002973,33.98,Casual,Balance,27.1,0.42,21.01,Low,929
1002989,33.97,Casual,Balance,42.97,0.43,46.90,High,930
1002971,33.94,Casual,Balance,16.78,0.56,16.33,Low,931
1002930,33.94,Casual,Balance,40.85,0.60,41.39,Medium,932
1002537,33.94,Casual,Balance,24.18,0.50,19.87,Low,932
1002617,33.85,Casual,Balance,51.78,0.63,23.68,Low,934
1002813,33.68,Casual,Balance,24.51,0.57,22.20,Low,935
1002456,33.67,Casual,Balance,30.69,0.67,28.48,Low,936
1002805,33.42,Casual,Balance,24.53,0.50,20.48,Low,937
1002296,33.41,Casual,Balance,22.9,0.60,22.63,Low,938
1002354,33.26,Casual,Balance,35.97,0.63,28.00,Low,939
1002704,33.25,Casual,Marathon,65.29,0.50,41.05,Medium,940
1002726,33.10,Casual,Marathon,68.45,0.50,42.88,Medium,941
1002822,33.10,Casual,Marathon,50.04,0.50,43.28,Medium,941
1002942,33.06,Casual,Balance,22.59,0.56,19.75,Low,943
1002583,33.00,Casual,Balance,31.99,0.57,30.89,Medium,944
1002062,32.93,Casual,Balance,26.4,0.50,21.06,Low,945
1002425,32.87,Casual,Balance,32.95,0.67,55.84,High,946
1002998,32.77,Casual,Balance,30.49,0.50,27.38,Low,947
1002224,32.65,Casual,Balance,73,0.50,43.79,Medium,948
1002141,32.56,Casual,Balance,18.96,0.57,30.60,Medium,949
1002506,32.48,Casual,Balance,41.85,0.67,43.74,Medium,950
1002034,32.42,Casual,Balance,44.99,0.60,33.14,Medium,951
1002303,32.36,Casual,Balance,54.64,0.50,28.29,Low,952
1002970,32.20,Casual,Balance,67.82,0.60,39.12,Medium,953
1002515,32.03,Casual,Balance,12.74,0.44,15.17,Low,954
1002765,31.91,Casual,Balance,28.01,0.50,18.91,Low,955
1002965,31.90,Casual,Balance,26.12,0.43,24.83,Low,956
1002532,31.86,Casual,Balance,22.23,0.43,30.19,Medium,957
1002737,31.84,Casual,Balance,37.97,0.60,45.11,High,958
1002963,31.74,Casual,Balance,21.57,0.50,15.68,Low,959
1002281,31.58,Casual,Marathon,58.54,0.75,51.82,High,960
1002959,31.46,Casual,Balance,31.43,0.43,27.56,Low,961
1002251,31.42,Casual,Balance,40.54,0.44,29.58,Medium,962
1002288,31.29,Casual,Balance,30.85,0.57,28.24,Low,963
1002934,31.01,Casual,Balance,47.53,0.57,57.30,High,964
1002981,30.96,Casual,Balance,38.73,0.57,44.78,High,965
1002478,30.93,Casual,Balance,22.07,0.42,19.70,Low,966
1002908,30.88,Casual,Marathon,71.14,0.50,45.61,High,967
1002405,30.84,Casual,Balance,27.84,0.56,21.83,Low,968
1002771,30.75,Casual,Balance,40.78,0.46,24.99,Low,969
1002983,30.68,Casual,Balance,35.21,0.50,30.40,Medium,970
1002686,30.65,Casual,Balance,25.68,0.50,27.83,Low,971
1002240,29.90,Casual,Balance,39.4,0.56,26.01,Low,972
1002690,29.87,Casual,Balance,41.83,0.67,54.20,High,973
1002677,29.68,Casual,Balance,43.6,0.50,31.22,Medium,974
1002723,29.40,Casual,Balance,40.31,0.56,26.29,Low,975
1002157,29.25,Casual,Balance,24.49,0.62,24.08,Low,976
1002414,29.20,Casual,Balance,15.59,0.50,21.92,Low,977
1002999,29.08,Casual,Marathon,63.44,0.50,42.34,Medium,978
1002268,29.07,Casual,Balance,17.98,0.44,14.92,Low,979
1002601,28.96,Casual,Balance,22.94,0.57,52.53,High,980
1002541,28.68,Casual,Balance,41.49,0.50,30.41,Medium,981
1002344,28.58,Casual,Balance,61.59,0.67,53.82,High,982
1002716,28.49,Casual,Balance,35.19,0.55,27.45,Low,983
1002550,28.42,Casual,Balance,16.5,0.50,29.88,Medium,984
1002270,28.27,Casual,Balance,22.99,0.57,18.36,Low,985
1002866,28.05,Casual,Balance,43.66,0.50,28.91,Medium,986
1002336,28.05,Casual,Balance,24.38,0.63,16.31,Low,986
1002919,27.84,Casual,Balance,28.48,0.40,29.23,Medium,988
1002902,27.80,Casual,Balance,37.34,0.71,17.06,Low,989
1002926,27.79,Casual,Balance,20.22,0.57,15.05,Low,990
1002976,27.79,Casual,Balance,45.13,0.71,34.82,Medium,990
1002841,27.36,Casual,Balance,42.99,0.60,56.96,High,992
1002706,26.10,Casual,Marathon,52.24,0.75,59.76,High,993
1002222,25.44,Casual,Balance,22.37,0.45,19.79,Low,994
1002087,25.34,Casual,Balance,41.76,0.60,24.43,Low,995
1002728,25.20,Casual,Balance,43.78,0.60,21.34,Low,996
1002718,24.55,Casual,Balance,31.07,0.50,22.00,Low,997
1002914,24.54,Casual,Balance,36.83,0.43,27.12,Low,998
1002988,24.16,Casual,Balance,55.76,0.40,29.71,Medium,999
1002752,24.05,Casual,Marathon,53.69,0.50,40.19,Medium,1000
1002960,22.10,Casual,Balance,21.31,0.60,30.06,Medium,1001
